{
  "baseline": {
    "recall": 0.006430946791862285,
    "map50": 5.816188302409981e-05,
    "map50_95": 6.4563931679669584e-06
  },
  "ensemble": {
    "recall": 0.9662454312358233,
    "map50": 0.989367738434776,
    "map50_95": 0.7897881289148737
  }
}